FirstName,LastName,FullName,FirstNameNative,LastNameNative,FullNameNative,Gender,Language
Mahym,Amangeldiyewa,Mahym Amangeldiyewa,Mahym,Amangeldiýewa,Mahym Amangeldiýewa,Female,Turkmen
Robina,Nauman,Robina Nauman,روبینہ,نعمان,روبینہ نعمان,Female,Punjabi (Pakistan)
Yong,Jia,Yong Jia,勇,贾,贾勇,Male,Chinese Simplified (China)
Aika,Sato,Aika Sato,愛花,佐藤,佐藤 愛花,Female,Japanese
Amy,Tsui,Amy Tsui,艾玫,崔,崔艾玫,Female,Chinese Traditional (Taiwan)
Chanok,Rattanakoson,Chanok Rattanakoson,ชนก,รัตนโกศล,ชนก รัตนโกศล,Gender neutral,Thai
Odette,Kankindi,Odette Kankindi,Odette,Kankindi,Odette Kankindi,Female,Kinyarwanda
Danaite,Alemseged,Danaite Alemseged,ዳናይት,ኣለምሰገድ,ዳናይት ኣለምሰገድ,Female,Tigrinya
Gurmeet,Dhillon,Gurmeet Dhillon,ਗੁਰਮੀਤ,ਢਿੱਲੋਂ,ਗੁਰਮੀਤ ਢਿੱਲੋਂ,Male,Punjabi (India)
Joshua,Harunkumar,Joshua Harunkumar,ஜோஷ்வா,ஹருன்குமார்,ஜோஷ்வா ஹருன்குமார்,Male,Tamil (India)
Aberehet,Gebre Tsadik,Aberehet Gebre Tsadik,ኣብርሄት,ገብረ ጻዲቅ,ኣብርሄት ገብረ ጻዲቅ,Female,Tigrinya
Bojan,Hribar,Bojan Hribar,Bojan,Hribar,Bojan Hribar,Male,Slovenian
Etleva,Hysa,Etleva Hysa,Etleva,Hysa,Etleva Hysa,Female,Albanian
Eugenia,Lopez,Eugenia Lopez,Eugenia,Lopez,Eugenia Lopez,Female,English (United States)
Dimitrios,Sirigos,Dimitrios Sirigos,Δημήτρης,Συρίγος,Δημήτρης Συρίγος,Male,Greek
Dusan,Serafimov,Dusan Serafimov,Душан,Серафимов,Душан Серафимов,Male,Macedonian
George,Manes,George Manes,Γιώργος,Μανές,Γιώργος Μανές,Male,Greek
Hai,Le,Le Hai,Hải,Lê,Lê Thị Hải,Female,Vietnamese
Paula,Núñez,Paula Núñez,Paula,Núñez,Paula Núñez,Female,Spanish (Mexico)
Jaap,De Graaf,Jaap De Graaf,Jaap,De Graaf,Jaap De Graaf,Male,Dutch
Klaharn,Suttirat,Klaharn Suttirat,กล้าหาญ,สุทธิรัตน์,กล้าหาญ สุทธิรัตน์,Male,Thai
Daniel,Mengestab,Daniel Mengestab,ዳንኤል,መንግስተኣብ,ዳንኤል መንግስተኣብ,Male,Tigrinya
Jerzy,Pawlak,Jerzy Pawlak,Jerzy,Pawlak,Jerzy Pawlak,Male,Polish
Andre,Barbosa,Andre Barbosa,André,Barbosa,André Barbosa,Male,Portuguese (Portugal)
Suma,Kini,Suma Kini,Suma,Kini,ಸುಮಾ ಕಿಣಿ,Female,Kannada
Joao,Cunha,Joao Cunha,João,Cunha,João Cunha,Male,Portuguese (Portugal)
Camille,Brunelle,Camille Brunelle,Camille,Brunelle,Camille Brunelle,Gender neutral,French (France)
Melissa,Mello,Melissa Mello,Melissa,Mello,Melissa Mello,Female,Portuguese (Brazil)
Abhishek,Khurana,Abhishek Khurana,अभिषेक,खुराना,अभिषेक खुराना,Male,Hindi
Hannah,Jarvis,Hannah Jarvis,Hannah,Jarvis,Hannah Jarvis,Female,English (United States)
Lena,Koch,Lena Koch,Lena,Koch,Lena Koch,Female,German
Sabela,Veloso,Sabela Veloso,Sabela,Veloso,Sabela Veloso,Female,Galician
Satoshi,Okamoto,Satoshi Okamoto,聡志,岡本,岡本 聡志,Male,Japanese
Pascale,Weydert,Pascale Weydert,Pascale,Weydert,Pascale Weydert,Female,Luxembourgish
Agung,Raharjo,Agung Raharjo,Agung,Raharjo,Agung Raharjo,Male,Indonesian
Klemmet,Reiersen,Klemmet Reiersen,Klemmet,Reiersen,Klemmet Reiersen,Male,Norwegian
Pawel,Nowakowski,Pawel Nowakowski,Paweł,Nowakowski,Paweł Nowakowski,Male,Polish
Stefan,Lepistö,Stefan Lepistö,Stefan,Lepistö,Stefan Lepistö,Male,Finnish
Ove,Hennum,Ove Hennum,Ove,Hennum,Ove Hennum,Male,Norwegian
Denise,Lebatelier,Denise Lebatelier,Denise,Lebatelier,Denise Lebatelier,Female,French (France)
Sanja,Ljubojevic,Sanja Ljubojevic,Сања,Љубојевић,Сања Љубојевић,Female,Serbian (Cyrillic - BiH)
Tsai,Yang,Tsai Yang,棟材,楊,楊棟材,Male,Chinese Traditional (Taiwan)
Sovan,Vong,Sovan Vong,សុវណ្ណ,វង់,សុវណ្ណ វង់,Male,Khmer
Ananya,Pariyar,Ananya Pariyar,अनन्या,परियार,अनन्या परियार,Female,Nepali
Rajini,Madivala,Rajini Madivala,Rajini,Madivala,ರಜನಿ ಮಡಿವಾಳ,Female,Kannada
Luciano,Valentín,Luciano Valentín,Luciano,Valentín,Luciano Valentín,Male,Spanish (Mexico)
Suman,Bhandarakar,Suman Bhandarakar,सुमन,भांडारकर,सुमन भांडारकर,Female,Marathi
Jacqueline,Martin,Jacqueline Martin,Jacqueline,Martin,Jacqueline Martin,Female,French (Canada)
Tormod,Åmodt,Tormod Åmodt,Tormod,Åmodt,Tormod Åmodt,Male,Norwegian
Amolika,Dutta,Amolika Dutta,অমলিকা,দত্ত,অমলিকা দত্ত,Female,Bangla (Bangladesh)
Gerardino,Longo,Gerardino Longo,Gerardino,Longo,Gerardino Longo,Male,Italian
Martina,Milani,Martina Milani,Martina,Milani,Martina Milani,Female,Italian
Papia,Chakrabarty,Papia Chakrabarty,পাপিয়া,চক্রবর্তী,পাপিয়া চক্রবর্তী,Female,Bengali (India)
Zeynep,Semet,Zeynep Semet,زەينەپ,سەمەت,زەينەپ سەمەت,Female,Uyghur
Borislav,Stoyanov,Borislav Stoyanov,Борислав,Стоянов,Борислав Стоянов,Male,Bulgarian
Jatindra,Sanyal,Jatindra Sanyal,যতীন্দ্র,সান্যাল,যতীন্দ্র সান্যাল,Male,Bangla (Bangladesh)
Damir,Benic,Damir Benic,Damir,Benić,Damir Benić,Male,Bosnian
Jessie,Irwin,Jessie Irwin,Jessie,Irwin,Jessie Irwin,Gender neutral,English (United States)
Guri,Holter,Guri Holter,Guri,Holter,Guri Holter,Female,Norwegian
Magnús,Magnússon,Magnús Magnússon,Magnús,Magnússon,Magnús Magnússon,Male,Icelandic
Nilufar,Muhammad,Nilufar Muhammad,Нилуфар,Муҳаммад,Нилуфар Муҳаммад,Female,Tajik
Roberto,Hilario,Roberto Hilario,Roberto,Hilario,Roberto Hilario,Male,K'iche'
Bola,Atanda,Bola Atanda,Bọ́lá,Àtàndá,Bọ́lá Àtàndá,Female,Yoruba
Bernadette,Leblanc,Bernadette Leblanc,Bernadette,Leblanc,Bernadette Leblanc,Female,French (Canada)
Hiwa,Saywan,Hiwa Saywan,هیوا,سه‌یوان,هیوا سه‌یوان,Male,Kurdish
Olha,Davydenko,Olha Davydenko,Ольга,Давиденко,Ольга Давиденко,Female,Ukrainian
Bazarbay,Abildauly,Bazarbay Abildauly,Базарбай,Әбілдаұлы,Базарбай Әбілдаұлы,Male,Kazakh
Andoni,Karrikaburua,Andoni Karrikaburua,Andoni,Karrikaburua,Andoni Karrikaburua,Male,Basque
Rayna,Bacheva,Rayna Bacheva,Райна,Бачева,Райна Бачева,Female,Bulgarian
Amanda,Haraldsen,Amanda Haraldsen,Amanda,Haraldsen,Amanda Haraldsen,Female,Norwegian
Szymon,Wozniak,Szymon Wozniak,Szymon,Woźniak,Szymon Woźniak,Male,Polish
Aaron,Gonzales,Aaron Gonzales,Aaron,Gonzales,Aaron Gonzales,Male,English (United States)
Ismat,Shamoun,Ismat Shamoun,عصمت,شمعون,عصمت شمعون,Female,Arabic
Sheetal,Sahu,Sheetal Sahu,शीतल,साहू,शीतल साहू,Female,Hindi
Jesper,Jakobsson,Jesper Jakobsson,Jesper,Jakobsson,Jesper Jakobsson,Male,Swedish
Hua,Long,Hua Long,桦,龙,龙桦,Female,Chinese Simplified (China)
Bhavya,Davuluri,Bhavya Davuluri,భవ్య,ఊటుకూరి,భవ్య ఊటుకూరి,Female,Telugu
Jagoda,Ivancic,Jagoda Ivancic,Jagoda,Ivančić,Jagoda Ivančić,Female,Croatian
Bataa,Ganbat,Bataa Ganbat,Батаа,Ганбат,Батаа Ганбат,Male,Mongolian
Mireia,Benavent,Mireia Benavent,Mireia,Benavent,Mireia Benavent,Female,Valencian
Willeke,Bart,Willeke Bart,Willeke,Bart,Willeke Bart,Female,Dutch
Anne,Mukasine,Anne Mukasine,Anne,Mukasine,Anne Mukasine,Female,Kinyarwanda
Ha-eun,Rim,Ha-eun Rim,하은,임,임하은,Female,Korean
Tarja,Hyypiä,Tarja Hyypiä,Tarja,Hyypiä,Tarja Hyypiä,Female,Finnish
Eli,Capdevila,Eli Capdevila,Eli,Capdevila,Eli Capdevila,Gender neutral,Catalan
Leticia,Terrazas,Leticia Terrazas,Leticia,Terrazas,Leticia Terrazas,Female,Spanish (Spain)
Dusan,Janjic,Dusan Janjic,Душан,Јањић,Душан Јањић,Male,Serbian (Cyrillic - BiH)
Helen,Barba,Helen Barba,Ελένη,Μπάρμπα,Ελένη Μπάρμπα,Female,Greek
Gadis,Sinulingga,Gadis Sinulingga,Gadis,Sinulingga,Gadis Sinulingga,Female,Indonesian
Gunnar,Gunnarsson,Gunnar Gunnarsson,Gunnar,Gunnarsson,Gunnar Gunnarsson,Male,Icelandic
Lukas,Novacek,Lukas Novacek,Lukáš,Nováček,Lukáš Nováček,Male,Czech
Tomo,Petkovic,Tomo Petkovic,Tomo,Petković,Tomo Petković,Male,Croatian
Ewa,Dudzinska,Ewa Dudzinska,Ewa,Dudzińska,Ewa Dudzińska,Female,Polish
Joseph,Grech,Joseph Grech,Joseph,Grech,Joseph Grech,Male,Maltese
Marie,Methot,Marie Methot,Marie,Méthot,Marie Méthot,Female,French (Canada)
Joao,Teixeira,Joao Teixeira,João,Teixeira,João Teixeira,Male,Portuguese (Portugal)
Alain,Davignon,Alain Davignon,Alain,Davignon,Alain Davignon,Male,French (Canada)
Samuel,Krajcovic,Samuel Krajcovic,Samuel,Krajčovič,Samuel Krajčovič,Male,Slovak
Filips,Vanags,Filips Vanags,Filips,Vanags,Filips Vanags,Male,Latvian
Jakub,Varga,Jakub Varga,Jakub,Varga,Jakub Varga,Male,Slovak
