FirstName,LastName,FullName,FirstNameNative,LastNameNative,FullNameNative,Gender,Language
Takanori,Ito,Takanori Ito,隆則,伊藤,伊藤 隆則,Male,Japanese
Kiettisuk,Pornpradub,Kiettisuk Pornpradub,เกียรติศักดิ์,พรประดับ,เกียรติศักดิ์ พรประดับ,Male,Thai
Dhriti,Basu,Dhriti Basu,ধ্রুতি,বসু,ধ্রুতি বসু,Female,Bangla (Bangladesh)
Siha,Hean,Siha Hean,សីហា,ហ៊ាន,សីហា ហ៊ាន,Male,Khmer
Hyun-Ki,Sim,Hyun-Ki Sim,현기,심,심현기,Male,Korean
Joan,Villanueva,Joan Villanueva,Joan,Villanueva,Joan Villanueva,Female,Filipino
Upul,Amarasiri,Upul Amarasiri,උපුල්,අමරසිරි,උපුල් අමරසිරි,Male,Sinhala
Adriana,Gomes,Adriana Gomes,Adriana,Gomes,Adriana Gomes,Female,Portuguese
Christina,Vanou,Christina Vanou,Χριστίνα,Βάνου,Χριστίνα Βάνου,Female,Greek
Alonzo,Cotiy,Alonzo Cotiy,Alonzo,Cotiy,Alonzo Cotiy,Male,K'iche'
Jakub,Lukes,Jakub Lukes,Jakub,Lukeš,Jakub Lukeš,Male,Czech
Rene,Dolejsi,Rene Dolejsi,René,Dolejší,René Dolejší,Gender neutral,Czech
Vladyslav,Rudenko,Vladyslav Rudenko,Владислав,Руденко,Владислав Руденко,Male,Ukrainian
Sviatlana,Bahdzevich,Sviatlana Bahdzevich,Святлана,Багдзевіч,Святлана Багдзевіч,Female,Belarussian
You,Ke,You Ke,攸,柯,柯攸,Male,Chinese Simplified (China)
Zoran,Dimovski,Zoran Dimovski,Зоран,Димовски,Зоран Димовски,Male,Macedonian
Jovana,Knezevic,Jovana Knezevic,Јована,Кнежевић,Јована Кнежевић,Female,Serbian (Cyrillic - Serbia)
Robin,Kline,Robin Kline,Robin,Kline,Robin Kline,Gender neutral,English (United States)
Ares,Grau,Ares Grau,Ares,Grau,Ares Grau,Gender neutral,Catalan
Mahnaz,Qureshi,Mahnaz Qureshi,مہناز,قریشی,مہناز قریشی,Female,Urdu
Hanna,Luchko,Hanna Luchko,Ганна,Лучко,Ганна Лучко,Female,Belarussian
Radoslava,Bacheva,Radoslava Bacheva,Радослава,Бачева,Радослава Бачева,Female,Bulgarian
Júlia,Roig,Júlia Roig,Júlia,Roig,Júlia Roig,Female,Valencian
Lucia,Blahosova,Lucia Blahosova,Lucia,Blahošová,Lucia Blahošová,Female,Slovak
Sawyer,Miller,Sawyer Miller,Sawyer,Miller,Sawyer Miller,Gender neutral,English (United Kingdom)
Felix,Henderson,Felix Henderson,Felix,Henderson,Felix Henderson,Male,English (United States)
Oguntade,Olagunju,Oguntade Olagunju,Ògúntádé,Ọlágúnjú,Ògúntádé Ọlágúnjú,Male,Yoruba
Giorgia,Fanucci,Giorgia Fanucci,Giorgia,Fanucci,Giorgia Fanucci,Female,Italian
Abdukerim,Ibrahim,Abdukerim Ibrahim,ئابدۇكەرىم,ئىبراھىم,ئابدۇكەرىم ئىبراھىم,Male,Uyghur
Esme,Nuijten,Esme Nuijten,Esmé,Nuijten,Esmé Nuijten,Female,Dutch
Heng,Xia,Heng Xia,蘅,夏,夏蘅,Female,Chinese Simplified (China)
Snezana,Todorovic,Snezana Todorovic,Snežana,Todorović,Snežana Todorović,Female,Serbian (Latin - Serbia)
Meitar,Rokach,Meitar Rokach,מיתר,רוקח,מיתר רוקח,Gender neutral,Hebrew
Abbas,Anarbaiuly,Abbas Anarbaiuly,Аббас,Анарбайұлы,Аббас Анарбайұлы,Male,Kazakh
Mykola,Koval,Mykola Koval,Микола,Коваль,Микола Коваль,Male,Ukrainian
Sophie,Walter,Sophie Walter,Sophie,Walter,Sophie Walter,Female,German
Daiki,Tamura,Daiki Tamura,大輝,田村,田村 大輝,Male,Japanese
Diana,Bergqvist,Diana Bergqvist,Diana,Bergqvist,Diana Bergqvist,Female,Swedish
Ana,Milankovic,Ana Milankovic,Ана,Миланковић,Ана Миланковић,Female,Serbian (Cyrillic - Serbia)
Leonidas,Yakoumakis,Leonidas Yakoumakis,Λεωνίδας,Γιακουμάκης,Λεωνίδας Γιακουμάκης,Male,Greek
Adeel,Solangi,Adeel Solangi,عديل,سولنگي,عديل سولنگي,Male,Sindhi (Pakistan)
Theodore,Lamy,Theodore Lamy,Théodore,Lamy,Théodore Lamy,Male,French (France)
Oleh,Samoilenko,Oleh Samoilenko,Олег,Самойленко,Олег Самойленко,Male,Ukrainian
Katarina,Balogova,Katarina Balogova,Katarína,Balogová,Katarína Balogová,Female,Slovak
Tamar,Deutsch,Tamar Deutsch,תמר,דויטש,תמר דויטש,Female,Hebrew
Sylvie,Rocher,Sylvie Rocher,Sylvie,Rocher,Sylvie Rocher,Female,French (Canada)
Vlatko,Jovic,Vlatko Jovic,Vlatko,Jović,Vlatko Jović,Male,Croatian
Rita,Santos,Rita Santos,Rita,Santos,Rita Santos,Female,Portuguese
Esra,Turan,Esra Turan,Esra,Turan,Esra Turan,Female,Turkish
Marta,Havrankova,Marta Havrankova,Marta,Havránková,Marta Havránková,Female,Czech
Sofie,Carlsson,Sofie Carlsson,Sofie,Carlsson,Sofie Carlsson,Female,Swedish
Sonia,Naik,Sonia Naik,सोनिया,नायक,सोनिया नायक,Female,Konkani
Aviv,Shapiro,Aviv Shapiro,אביב,שפירו,אביב שפירו,Male,Hebrew
Maria,Beukema,Maria Beukema,Maria,Beukema,Maria Beukema,Female,Dutch
Sandra,Filbig,Sandra Filbig,Sandra,Filbig,Sandra Filbig,Female,Luxembourgish
Bratislav,Tomic,Bratislav Tomic,Bratislav,Tomić,Bratislav Tomić,Male,Serbian (Latin - Serbia)
Jacqueline,Martin,Jacqueline Martin,Jacqueline,Martin,Jacqueline Martin,Female,French (Canada)
Hafsa,Hayek,Hafsa Hayek,حافصة,حايك,حافصة حايك,Female,Arabic
Xavier,Serradelarca,Xavier Serradelarca,Xavier,Serradelarca,Xavier Serradelarca,Male,Catalan
Frederiek,Eppink,Frederiek Eppink,Frederiek,Eppink,Frederiek Eppink,Female,Dutch
Adile,Qadir,Adile Qadir,ئادىلە,قادىر,ئادىلە قادىر,Female,Uyghur
Rafel,Tornafoch,Rafel Tornafoch,Rafel,Tornafoch,Rafel Tornafoch,Male,Catalan
Jennifer,Wilkins,Jennifer Wilkins,Jennifer,Wilkins,Jennifer Wilkins,Female,English (United Kingdom)
Manasi,Goyal,Manasi Goyal,मानसी,गोयल,मानसी गोयल,Female,Hindi
Jon,Agirrebarrondo,Jon Agirrebarrondo,Jon,Agirrebarrondo,Jon Agirrebarrondo,Male,Basque
Vanja,Matkovic,Vanja Matkovic,Vanja,Matković,Vanja Matković,Gender neutral,Croatian
Nao,Yasuda,Nao Yasuda,直,安田,安田 直,Gender neutral,Japanese
Christian,Lacombe,Christian Lacombe,Christian,Lacombe,Christian Lacombe,Male,French (Canada)
Inga,Arnfinsen,Inga Arnfinsen,Inga,Arnfinsen,Inga Arnfinsen,Female,Norwegian
Dariia,Kochur,Dariia Kochur,Дарія,Кочур,Дарія Кочур,Female,Ukrainian
Sayama,Amir,sayama Amir,سائمه,عامر,سائمه عامر,Female,Sindhi (Pakistan)
Nada,Stojadinovic,Nada Stojadinovic,Nada,Stojadinović,Nada Stojadinović,Female,Serbian (Latin - Serbia)
Sheetal,Sahu,Sheetal Sahu,शीतल,साहू,शीतल साहू,Female,Hindi
Roko,Stipanov,Roko Stipanov,Roko,Stipanov,Roko Stipanov,Male,Croatian
Seyhan,Can,Seyhan Can,Seyhan,Can,Seyhan Can,Gender neutral,Turkish
Sofia,Stein,Sofia Stein,Sofia,Stein,Sofia Stein,Female,German
Andrei,Stankevich,Andrei Stankevich,Андрэй,Станкевіч,Андрэй Станкевіч,Male,Belarussian
Yakubu,Halima,Yakubu Halima,Yakubu,Halima,Yakubu Halima,Female,Hausa
He-Ran,Nan,He-Ran Nan,혜란,남,남혜란,Female,Korean
Joshua,Harunkumar,Joshua Harunkumar,ஜோஷ்வா,ஹருன்குமார்,ஜோஷ்வா ஹருன்குமார்,Male,Tamil (India)
Mihaly,Fodor,Fodor Mihaly,Mihály,Fodor,Fodor Mihály,Male,Hungarian
Christine,Ramos,Christine Ramos,Christine,Ramos,Christine Ramos,Female,Filipino
Clara,Barbosa,Clara Barbosa,Clara,Barbosa,Clara Barbosa,Female,Portuguese (Brazil)
Maria,Quispe,María Quispe,Maria,Quispe,María Quispe,Female,Quechua
Ikemefuna,Dike,Ikemefuna Dike,Ikemefuna,Dike,Ikemefuna Dike,Male,Igbo
Olha,Davydenko,Olha Davydenko,Ольга,Давиденко,Ольга Давиденко,Female,Ukrainian
Helena,Moravcikova,Helena Moravcikova,Helena,Moravčíková,Helena Moravčíková,Female,Slovak
Josef,Cizek,Josef Cizek,Josef,Čížek,Josef Čížek,Male,Czech
Kristel,Kangro,Kristel Kangro,Kristel,Kangro,Kristel Kangro,Female,Estonian
Katarina,Babic,Katarina Babic,Katarina,Babič,Katarina Babič,Female,Slovenian
Elize,Rigter,Elize Rigter,Elize,Rigter,Elize Rigter,Female,Dutch
Stein,Emanuelsen,Stein Emanuelsen,Stein,Emanuelsen,Stein Emanuelsen,Male,Norwegian
Naiara,Padilla,Naiara Padilla,Naiara,Padilla,Naiara Padilla,Female,Spanish (Mexico)
Armine,Davtyan,Armine Davtyan,Արմինե,Դավթյան,Արմինե Դավթյան,Female,Armenian
Darweshi,Mhina,Darweshi Mhina,Darweshi,Mhina,Darweshi Mhina,Male,Kiswahili
Nikki,Vestergaard,Nikki Vestergaard,Nikki,Vestergaard,Nikki Vestergaard,Gender neutral,Danish
Miles,Abolrous,Miles Abolrous,Maoilios,Abolrous,Maoilios Abolrous,Male,Scottish Gaelic
Suchaow,Somwanna,Suchaow Somwanna,สุเชาว์,สมวรรณะ,สุเชาว์ สมวรรณะ,Male,Thai
Vithaya,Phommachan,Vithaya Phommachan,ວິທະຍາ,ພົມມະຈັນ,ວິທະຍາ ພົມມະຈັນ,Male,Lao
ChiMing,Hsieh,ChiMing Hsieh,志明,謝,謝志明,Male,Chinese Traditional (Taiwan)
